Dataset,Nodes,Edges,Model,Num Layers,Num Neurons,Learning Rate,Dropout,Train Accuracy,Test Accuracy,Setup
Cora,2708,10556,GCN,1,16,0.01,0.5,1.0,0.785,1
Cora,2708,10556,GraphSAGE,1,16,0.01,0.5,1.0,0.743,1
Cora,2708,10556,GAT,1,16,0.01,0.5,1.0,0.734,1
Cora,2708,10556,GCN,1,16,0.01,0.2,1.0,0.78,2
Cora,2708,10556,GraphSAGE,1,16,0.01,0.2,1.0,0.778,2
Cora,2708,10556,GAT,1,16,0.01,0.2,1.0,0.696,2
Cora,2708,10556,GCN,1,16,0.01,0.1,1.0,0.772,3
Cora,2708,10556,GraphSAGE,1,16,0.01,0.1,1.0,0.766,3
Cora,2708,10556,GAT,1,16,0.01,0.1,1.0,0.741,3
Cora,2708,10556,GCN,1,16,0.001,0.5,1.0,0.805,4
Cora,2708,10556,GraphSAGE,1,16,0.001,0.5,1.0,0.761,4
Cora,2708,10556,GAT,1,16,0.001,0.5,1.0,0.78,4
Cora,2708,10556,GCN,1,16,0.001,0.2,1.0,0.787,5
Cora,2708,10556,GraphSAGE,1,16,0.001,0.2,1.0,0.751,5
Cora,2708,10556,GAT,1,16,0.001,0.2,1.0,0.739,5
Cora,2708,10556,GCN,1,16,0.001,0.1,1.0,0.777,6
Cora,2708,10556,GraphSAGE,1,16,0.001,0.1,1.0,0.721,6
Cora,2708,10556,GAT,1,16,0.001,0.1,1.0,0.745,6
Cora,2708,10556,GCN,1,16,0.0001,0.5,0.8071428571428572,0.495,7
Cora,2708,10556,GraphSAGE,1,16,0.0001,0.5,0.7785714285714286,0.31,7
Cora,2708,10556,GAT,1,16,0.0001,0.5,0.9142857142857143,0.623,7
Cora,2708,10556,GCN,1,16,0.0001,0.2,0.9285714285714286,0.62,8
Cora,2708,10556,GraphSAGE,1,16,0.0001,0.2,0.8642857142857143,0.283,8
Cora,2708,10556,GAT,1,16,0.0001,0.2,0.9428571428571428,0.613,8
Cora,2708,10556,GCN,1,16,0.0001,0.1,0.8214285714285713,0.535,9
Cora,2708,10556,GraphSAGE,1,16,0.0001,0.1,0.9357142857142857,0.397,9
Cora,2708,10556,GAT,1,16,0.0001,0.1,0.9,0.683,9
Cora,2708,10556,GCN,1,32,0.01,0.5,1.0,0.781,10
Cora,2708,10556,GraphSAGE,1,32,0.01,0.5,1.0,0.784,10
Cora,2708,10556,GAT,1,32,0.01,0.5,1.0,0.733,10
Cora,2708,10556,GCN,1,32,0.01,0.2,1.0,0.786,11
Cora,2708,10556,GraphSAGE,1,32,0.01,0.2,1.0,0.786,11
Cora,2708,10556,GAT,1,32,0.01,0.2,1.0,0.71,11
Cora,2708,10556,GCN,1,32,0.01,0.1,1.0,0.782,12
Cora,2708,10556,GraphSAGE,1,32,0.01,0.1,1.0,0.787,12
Cora,2708,10556,GAT,1,32,0.01,0.1,1.0,0.718,12
Cora,2708,10556,GCN,1,32,0.001,0.5,1.0,0.789,13
Cora,2708,10556,GraphSAGE,1,32,0.001,0.5,1.0,0.793,13
Cora,2708,10556,GAT,1,32,0.001,0.5,1.0,0.735,13
Cora,2708,10556,GCN,1,32,0.001,0.2,1.0,0.79,14
Cora,2708,10556,GraphSAGE,1,32,0.001,0.2,1.0,0.766,14
Cora,2708,10556,GAT,1,32,0.001,0.2,1.0,0.734,14
Cora,2708,10556,GCN,1,32,0.001,0.1,1.0,0.788,15
Cora,2708,10556,GraphSAGE,1,32,0.001,0.1,1.0,0.78,15
Cora,2708,10556,GAT,1,32,0.001,0.1,1.0,0.769,15
Cora,2708,10556,GCN,1,32,0.0001,0.5,0.9357142857142857,0.586,16
Cora,2708,10556,GraphSAGE,1,32,0.0001,0.5,0.9857142857142858,0.542,16
Cora,2708,10556,GAT,1,32,0.0001,0.5,0.9642857142857143,0.721,16
Cora,2708,10556,GCN,1,32,0.0001,0.2,0.9571428571428572,0.735,17
Cora,2708,10556,GraphSAGE,1,32,0.0001,0.2,0.9928571428571429,0.55,17
Cora,2708,10556,GAT,1,32,0.0001,0.2,0.9571428571428572,0.715,17
Cora,2708,10556,GCN,1,32,0.0001,0.1,0.9714285714285714,0.627,18
Cora,2708,10556,GraphSAGE,1,32,0.0001,0.1,0.9928571428571429,0.519,18
Cora,2708,10556,GAT,1,32,0.0001,0.1,0.9642857142857143,0.723,18
Cora,2708,10556,GCN,1,64,0.01,0.5,1.0,0.79,19
Cora,2708,10556,GraphSAGE,1,64,0.01,0.5,1.0,0.767,19
Cora,2708,10556,GAT,1,64,0.01,0.5,1.0,0.71,19
Cora,2708,10556,GCN,1,64,0.01,0.2,1.0,0.779,20
Cora,2708,10556,GraphSAGE,1,64,0.01,0.2,1.0,0.778,20
Cora,2708,10556,GAT,1,64,0.01,0.2,1.0,0.724,20
Cora,2708,10556,GCN,1,64,0.01,0.1,1.0,0.773,21
Cora,2708,10556,GraphSAGE,1,64,0.01,0.1,1.0,0.753,21
Cora,2708,10556,GAT,1,64,0.01,0.1,1.0,0.738,21
Cora,2708,10556,GCN,1,64,0.001,0.5,1.0,0.793,22
Cora,2708,10556,GraphSAGE,1,64,0.001,0.5,1.0,0.783,22
Cora,2708,10556,GAT,1,64,0.001,0.5,1.0,0.715,22
Cora,2708,10556,GCN,1,64,0.001,0.2,1.0,0.783,23
Cora,2708,10556,GraphSAGE,1,64,0.001,0.2,1.0,0.786,23
Cora,2708,10556,GAT,1,64,0.001,0.2,1.0,0.7,23
Cora,2708,10556,GCN,1,64,0.001,0.1,1.0,0.788,24
Cora,2708,10556,GraphSAGE,1,64,0.001,0.1,1.0,0.776,24
Cora,2708,10556,GAT,1,64,0.001,0.1,1.0,0.741,24
Cora,2708,10556,GCN,1,64,0.0001,0.5,0.9642857142857143,0.743,25
Cora,2708,10556,GraphSAGE,1,64,0.0001,0.5,1.0,0.758,25
Cora,2708,10556,GAT,1,64,0.0001,0.5,0.9642857142857143,0.754,25
Cora,2708,10556,GCN,1,64,0.0001,0.2,0.9714285714285714,0.74,26
Cora,2708,10556,GraphSAGE,1,64,0.0001,0.2,0.9928571428571429,0.78,26
Cora,2708,10556,GAT,1,64,0.0001,0.2,0.9571428571428572,0.768,26
Cora,2708,10556,GCN,1,64,0.0001,0.1,0.9642857142857143,0.757,27
Cora,2708,10556,GraphSAGE,1,64,0.0001,0.1,1.0,0.728,27
Cora,2708,10556,GAT,1,64,0.0001,0.1,0.95,0.747,27
Cora,2708,10556,GCN,2,16,0.01,0.5,1.0,0.746,28
Cora,2708,10556,GraphSAGE,2,16,0.01,0.5,1.0,0.758,28
Cora,2708,10556,GAT,2,16,0.01,0.5,1.0,0.705,28
Cora,2708,10556,GCN,2,16,0.01,0.2,1.0,0.766,29
Cora,2708,10556,GraphSAGE,2,16,0.01,0.2,1.0,0.739,29
Cora,2708,10556,GAT,2,16,0.01,0.2,1.0,0.714,29
Cora,2708,10556,GCN,2,16,0.01,0.1,1.0,0.766,30
Cora,2708,10556,GraphSAGE,2,16,0.01,0.1,1.0,0.706,30
Cora,2708,10556,GAT,2,16,0.01,0.1,1.0,0.717,30
Cora,2708,10556,GCN,2,16,0.001,0.5,0.9928571428571429,0.777,31
Cora,2708,10556,GraphSAGE,2,16,0.001,0.5,1.0,0.791,31
Cora,2708,10556,GAT,2,16,0.001,0.5,0.9928571428571429,0.731,31
Cora,2708,10556,GCN,2,16,0.001,0.2,1.0,0.793,32
Cora,2708,10556,GraphSAGE,2,16,0.001,0.2,1.0,0.797,32
Cora,2708,10556,GAT,2,16,0.001,0.2,0.9928571428571429,0.731,32
Cora,2708,10556,GCN,2,16,0.001,0.1,0.9928571428571429,0.764,33
Cora,2708,10556,GraphSAGE,2,16,0.001,0.1,1.0,0.753,33
Cora,2708,10556,GAT,2,16,0.001,0.1,1.0,0.719,33
Cora,2708,10556,GCN,2,16,0.0001,0.5,0.42142857142857143,0.288,34
Cora,2708,10556,GraphSAGE,2,16,0.0001,0.5,0.3357142857142857,0.179,34
Cora,2708,10556,GAT,2,16,0.0001,0.5,0.8714285714285714,0.625,34
Cora,2708,10556,GCN,2,16,0.0001,0.2,0.7357142857142858,0.538,35
Cora,2708,10556,GraphSAGE,2,16,0.0001,0.2,0.4928571428571429,0.371,35
Cora,2708,10556,GAT,2,16,0.0001,0.2,0.9142857142857143,0.697,35
Cora,2708,10556,GCN,2,16,0.0001,0.1,0.6714285714285714,0.567,36
Cora,2708,10556,GraphSAGE,2,16,0.0001,0.1,0.5357142857142857,0.227,36
Cora,2708,10556,GAT,2,16,0.0001,0.1,0.8857142857142857,0.694,36
Cora,2708,10556,GCN,2,32,0.01,0.5,1.0,0.764,37
Cora,2708,10556,GraphSAGE,2,32,0.01,0.5,1.0,0.777,37
Cora,2708,10556,GAT,2,32,0.01,0.5,1.0,0.733,37
Cora,2708,10556,GCN,2,32,0.01,0.2,1.0,0.758,38
Cora,2708,10556,GraphSAGE,2,32,0.01,0.2,1.0,0.758,38
Cora,2708,10556,GAT,2,32,0.01,0.2,1.0,0.728,38
Cora,2708,10556,GCN,2,32,0.01,0.1,1.0,0.769,39
Cora,2708,10556,GraphSAGE,2,32,0.01,0.1,1.0,0.762,39
Cora,2708,10556,GAT,2,32,0.01,0.1,1.0,0.751,39
Cora,2708,10556,GCN,2,32,0.001,0.5,1.0,0.782,40
Cora,2708,10556,GraphSAGE,2,32,0.001,0.5,1.0,0.783,40
Cora,2708,10556,GAT,2,32,0.001,0.5,1.0,0.736,40
Cora,2708,10556,GCN,2,32,0.001,0.2,1.0,0.787,41
Cora,2708,10556,GraphSAGE,2,32,0.001,0.2,1.0,0.782,41
Cora,2708,10556,GAT,2,32,0.001,0.2,1.0,0.736,41
Cora,2708,10556,GCN,2,32,0.001,0.1,1.0,0.792,42
Cora,2708,10556,GraphSAGE,2,32,0.001,0.1,1.0,0.775,42
Cora,2708,10556,GAT,2,32,0.001,0.1,1.0,0.706,42
Cora,2708,10556,GCN,2,32,0.0001,0.5,0.8714285714285714,0.639,43
Cora,2708,10556,GraphSAGE,2,32,0.0001,0.5,0.8785714285714286,0.508,43
Cora,2708,10556,GAT,2,32,0.0001,0.5,0.9214285714285714,0.723,43
Cora,2708,10556,GCN,2,32,0.0001,0.2,0.7428571428571429,0.531,44
Cora,2708,10556,GraphSAGE,2,32,0.0001,0.2,0.9785714285714285,0.709,44
Cora,2708,10556,GAT,2,32,0.0001,0.2,0.9214285714285714,0.733,44
Cora,2708,10556,GCN,2,32,0.0001,0.1,0.8571428571428571,0.678,45
Cora,2708,10556,GraphSAGE,2,32,0.0001,0.1,0.9214285714285714,0.407,45
Cora,2708,10556,GAT,2,32,0.0001,0.1,0.9071428571428571,0.711,45
Cora,2708,10556,GCN,2,64,0.01,0.5,1.0,0.76,46
Cora,2708,10556,GraphSAGE,2,64,0.01,0.5,1.0,0.775,46
Cora,2708,10556,GAT,2,64,0.01,0.5,1.0,0.758,46
Cora,2708,10556,GCN,2,64,0.01,0.2,1.0,0.759,47
Cora,2708,10556,GraphSAGE,2,64,0.01,0.2,1.0,0.753,47
Cora,2708,10556,GAT,2,64,0.01,0.2,1.0,0.744,47
Cora,2708,10556,GCN,2,64,0.01,0.1,1.0,0.762,48
Cora,2708,10556,GraphSAGE,2,64,0.01,0.1,1.0,0.768,48
Cora,2708,10556,GAT,2,64,0.01,0.1,1.0,0.707,48
Cora,2708,10556,GCN,2,64,0.001,0.5,1.0,0.793,49
Cora,2708,10556,GraphSAGE,2,64,0.001,0.5,1.0,0.793,49
Cora,2708,10556,GAT,2,64,0.001,0.5,1.0,0.771,49
Cora,2708,10556,GCN,2,64,0.001,0.2,1.0,0.79,50
Cora,2708,10556,GraphSAGE,2,64,0.001,0.2,1.0,0.795,50
Cora,2708,10556,GAT,2,64,0.001,0.2,1.0,0.759,50
Cora,2708,10556,GCN,2,64,0.001,0.1,1.0,0.794,51
Cora,2708,10556,GraphSAGE,2,64,0.001,0.1,1.0,0.796,51
Cora,2708,10556,GAT,2,64,0.001,0.1,1.0,0.757,51
Cora,2708,10556,GCN,2,64,0.0001,0.5,0.95,0.768,52
Cora,2708,10556,GraphSAGE,2,64,0.0001,0.5,1.0,0.745,52
Cora,2708,10556,GAT,2,64,0.0001,0.5,0.9642857142857143,0.747,52
Cora,2708,10556,GCN,2,64,0.0001,0.2,0.9428571428571428,0.785,53
Cora,2708,10556,GraphSAGE,2,64,0.0001,0.2,0.9928571428571429,0.755,53
Cora,2708,10556,GAT,2,64,0.0001,0.2,0.95,0.771,53
Cora,2708,10556,GCN,2,64,0.0001,0.1,0.9714285714285714,0.764,54
Cora,2708,10556,GraphSAGE,2,64,0.0001,0.1,0.9928571428571429,0.778,54
Cora,2708,10556,GAT,2,64,0.0001,0.1,0.9714285714285714,0.757,54
Cora,2708,10556,GCN,3,16,0.01,0.5,1.0,0.743,55
Cora,2708,10556,GraphSAGE,3,16,0.01,0.5,1.0,0.776,55
Cora,2708,10556,GAT,3,16,0.01,0.5,1.0,0.75,55
Cora,2708,10556,GCN,3,16,0.01,0.2,1.0,0.749,56
Cora,2708,10556,GraphSAGE,3,16,0.01,0.2,1.0,0.734,56
Cora,2708,10556,GAT,3,16,0.01,0.2,1.0,0.75,56
Cora,2708,10556,GCN,3,16,0.01,0.1,1.0,0.766,57
Cora,2708,10556,GraphSAGE,3,16,0.01,0.1,1.0,0.729,57
Cora,2708,10556,GAT,3,16,0.01,0.1,1.0,0.708,57
Cora,2708,10556,GCN,3,16,0.001,0.5,1.0,0.787,58
Cora,2708,10556,GraphSAGE,3,16,0.001,0.5,0.9928571428571429,0.75,58
Cora,2708,10556,GAT,3,16,0.001,0.5,0.9857142857142858,0.735,58
Cora,2708,10556,GCN,3,16,0.001,0.2,0.9928571428571429,0.765,59
Cora,2708,10556,GraphSAGE,3,16,0.001,0.2,1.0,0.78,59
Cora,2708,10556,GAT,3,16,0.001,0.2,1.0,0.774,59
Cora,2708,10556,GCN,3,16,0.001,0.1,1.0,0.773,60
Cora,2708,10556,GraphSAGE,3,16,0.001,0.1,1.0,0.659,60
Cora,2708,10556,GAT,3,16,0.001,0.1,1.0,0.765,60
Cora,2708,10556,GCN,3,16,0.0001,0.5,0.2642857142857143,0.198,61
Cora,2708,10556,GraphSAGE,3,16,0.0001,0.5,0.42142857142857143,0.222,61
Cora,2708,10556,GAT,3,16,0.0001,0.5,0.8428571428571429,0.642,61
Cora,2708,10556,GCN,3,16,0.0001,0.2,0.7071428571428572,0.604,62
Cora,2708,10556,GraphSAGE,3,16,0.0001,0.2,0.40714285714285714,0.303,62
Cora,2708,10556,GAT,3,16,0.0001,0.2,0.8642857142857143,0.704,62
Cora,2708,10556,GCN,3,16,0.0001,0.1,0.4928571428571429,0.335,63
Cora,2708,10556,GraphSAGE,3,16,0.0001,0.1,0.4714285714285714,0.302,63
Cora,2708,10556,GAT,3,16,0.0001,0.1,0.8928571428571429,0.738,63
Cora,2708,10556,GCN,3,32,0.01,0.5,1.0,0.747,64
Cora,2708,10556,GraphSAGE,3,32,0.01,0.5,1.0,0.752,64
Cora,2708,10556,GAT,3,32,0.01,0.5,1.0,0.774,64
Cora,2708,10556,GCN,3,32,0.01,0.2,1.0,0.773,65
Cora,2708,10556,GraphSAGE,3,32,0.01,0.2,1.0,0.756,65
Cora,2708,10556,GAT,3,32,0.01,0.2,1.0,0.716,65
Cora,2708,10556,GCN,3,32,0.01,0.1,1.0,0.777,66
Cora,2708,10556,GraphSAGE,3,32,0.01,0.1,1.0,0.744,66
Cora,2708,10556,GAT,3,32,0.01,0.1,1.0,0.708,66
Cora,2708,10556,GCN,3,32,0.001,0.5,1.0,0.791,67
Cora,2708,10556,GraphSAGE,3,32,0.001,0.5,1.0,0.77,67
Cora,2708,10556,GAT,3,32,0.001,0.5,1.0,0.766,67
Cora,2708,10556,GCN,3,32,0.001,0.2,1.0,0.775,68
Cora,2708,10556,GraphSAGE,3,32,0.001,0.2,1.0,0.784,68
Cora,2708,10556,GAT,3,32,0.001,0.2,1.0,0.735,68
Cora,2708,10556,GCN,3,32,0.001,0.1,1.0,0.762,69
Cora,2708,10556,GraphSAGE,3,32,0.001,0.1,1.0,0.748,69
Cora,2708,10556,GAT,3,32,0.001,0.1,1.0,0.728,69
Cora,2708,10556,GCN,3,32,0.0001,0.5,0.6857142857142857,0.52,70
Cora,2708,10556,GraphSAGE,3,32,0.0001,0.5,0.6928571428571428,0.555,70
Cora,2708,10556,GAT,3,32,0.0001,0.5,0.8928571428571429,0.683,70
Cora,2708,10556,GCN,3,32,0.0001,0.2,0.7,0.469,71
Cora,2708,10556,GraphSAGE,3,32,0.0001,0.2,0.8,0.628,71
Cora,2708,10556,GAT,3,32,0.0001,0.2,0.9428571428571428,0.731,71
Cora,2708,10556,GCN,3,32,0.0001,0.1,0.7857142857142857,0.551,72
Cora,2708,10556,GraphSAGE,3,32,0.0001,0.1,0.65,0.526,72
Cora,2708,10556,GAT,3,32,0.0001,0.1,0.9571428571428572,0.778,72
Cora,2708,10556,GCN,3,64,0.01,0.5,1.0,0.784,73
Cora,2708,10556,GraphSAGE,3,64,0.01,0.5,1.0,0.753,73
Cora,2708,10556,GAT,3,64,0.01,0.5,1.0,0.718,73
Cora,2708,10556,GCN,3,64,0.01,0.2,1.0,0.757,74
Cora,2708,10556,GraphSAGE,3,64,0.01,0.2,1.0,0.773,74
Cora,2708,10556,GAT,3,64,0.01,0.2,1.0,0.67,74
Cora,2708,10556,GCN,3,64,0.01,0.1,1.0,0.763,75
Cora,2708,10556,GraphSAGE,3,64,0.01,0.1,1.0,0.763,75
Cora,2708,10556,GAT,3,64,0.01,0.1,1.0,0.683,75
Cora,2708,10556,GCN,3,64,0.001,0.5,1.0,0.787,76
Cora,2708,10556,GraphSAGE,3,64,0.001,0.5,1.0,0.774,76
Cora,2708,10556,GAT,3,64,0.001,0.5,1.0,0.733,76
Cora,2708,10556,GCN,3,64,0.001,0.2,1.0,0.777,77
Cora,2708,10556,GraphSAGE,3,64,0.001,0.2,1.0,0.776,77
Cora,2708,10556,GAT,3,64,0.001,0.2,1.0,0.771,77
Cora,2708,10556,GCN,3,64,0.001,0.1,1.0,0.779,78
Cora,2708,10556,GraphSAGE,3,64,0.001,0.1,1.0,0.765,78
Cora,2708,10556,GAT,3,64,0.001,0.1,1.0,0.756,78
Cora,2708,10556,GCN,3,64,0.0001,0.5,0.8071428571428572,0.683,79
Cora,2708,10556,GraphSAGE,3,64,0.0001,0.5,0.95,0.667,79
Cora,2708,10556,GAT,3,64,0.0001,0.5,0.9357142857142857,0.775,79
Cora,2708,10556,GCN,3,64,0.0001,0.2,0.8714285714285714,0.656,80
Cora,2708,10556,GraphSAGE,3,64,0.0001,0.2,0.9928571428571429,0.788,80
Cora,2708,10556,GAT,3,64,0.0001,0.2,0.9714285714285714,0.79,80
Cora,2708,10556,GCN,3,64,0.0001,0.1,0.8285714285714286,0.546,81
Cora,2708,10556,GraphSAGE,3,64,0.0001,0.1,0.9857142857142858,0.747,81
Cora,2708,10556,GAT,3,64,0.0001,0.1,0.95,0.755,81
CiteSeer,3327,9104,GCN,1,16,0.01,0.5,1.0,0.616,1
CiteSeer,3327,9104,GraphSAGE,1,16,0.01,0.5,1.0,0.64,1
CiteSeer,3327,9104,GAT,1,16,0.01,0.5,1.0,0.595,1
CiteSeer,3327,9104,GCN,1,16,0.01,0.2,1.0,0.641,2
CiteSeer,3327,9104,GraphSAGE,1,16,0.01,0.2,1.0,0.648,2
CiteSeer,3327,9104,GAT,1,16,0.01,0.2,1.0,0.644,2
CiteSeer,3327,9104,GCN,1,16,0.01,0.1,1.0,0.651,3
CiteSeer,3327,9104,GraphSAGE,1,16,0.01,0.1,1.0,0.634,3
CiteSeer,3327,9104,GAT,1,16,0.01,0.1,1.0,0.624,3
CiteSeer,3327,9104,GCN,1,16,0.001,0.5,1.0,0.662,4
CiteSeer,3327,9104,GraphSAGE,1,16,0.001,0.5,1.0,0.565,4
CiteSeer,3327,9104,GAT,1,16,0.001,0.5,1.0,0.607,4
CiteSeer,3327,9104,GCN,1,16,0.001,0.2,1.0,0.639,5
CiteSeer,3327,9104,GraphSAGE,1,16,0.001,0.2,1.0,0.595,5
CiteSeer,3327,9104,GAT,1,16,0.001,0.2,1.0,0.652,5
CiteSeer,3327,9104,GCN,1,16,0.001,0.1,1.0,0.651,6
CiteSeer,3327,9104,GraphSAGE,1,16,0.001,0.1,1.0,0.605,6
CiteSeer,3327,9104,GAT,1,16,0.001,0.1,1.0,0.593,6
CiteSeer,3327,9104,GCN,1,16,0.0001,0.5,0.9333333333333333,0.604,7
CiteSeer,3327,9104,GraphSAGE,1,16,0.0001,0.5,0.9916666666666667,0.605,7
CiteSeer,3327,9104,GAT,1,16,0.0001,0.5,0.9666666666666667,0.614,7
CiteSeer,3327,9104,GCN,1,16,0.0001,0.2,0.85,0.361,8
CiteSeer,3327,9104,GraphSAGE,1,16,0.0001,0.2,1.0,0.43,8
CiteSeer,3327,9104,GAT,1,16,0.0001,0.2,0.975,0.607,8
CiteSeer,3327,9104,GCN,1,16,0.0001,0.1,0.8083333333333333,0.263,9
CiteSeer,3327,9104,GraphSAGE,1,16,0.0001,0.1,1.0,0.341,9
CiteSeer,3327,9104,GAT,1,16,0.0001,0.1,0.975,0.608,9
CiteSeer,3327,9104,GCN,1,32,0.01,0.5,1.0,0.648,10
CiteSeer,3327,9104,GraphSAGE,1,32,0.01,0.5,1.0,0.648,10
CiteSeer,3327,9104,GAT,1,32,0.01,0.5,1.0,0.625,10
CiteSeer,3327,9104,GCN,1,32,0.01,0.2,1.0,0.64,11
CiteSeer,3327,9104,GraphSAGE,1,32,0.01,0.2,1.0,0.61,11
CiteSeer,3327,9104,GAT,1,32,0.01,0.2,1.0,0.613,11
CiteSeer,3327,9104,GCN,1,32,0.01,0.1,1.0,0.615,12
CiteSeer,3327,9104,GraphSAGE,1,32,0.01,0.1,1.0,0.659,12
CiteSeer,3327,9104,GAT,1,32,0.01,0.1,1.0,0.649,12
CiteSeer,3327,9104,GCN,1,32,0.001,0.5,1.0,0.653,13
CiteSeer,3327,9104,GraphSAGE,1,32,0.001,0.5,1.0,0.6,13
CiteSeer,3327,9104,GAT,1,32,0.001,0.5,1.0,0.633,13
CiteSeer,3327,9104,GCN,1,32,0.001,0.2,1.0,0.654,14
CiteSeer,3327,9104,GraphSAGE,1,32,0.001,0.2,1.0,0.63,14
CiteSeer,3327,9104,GAT,1,32,0.001,0.2,1.0,0.651,14
CiteSeer,3327,9104,GCN,1,32,0.001,0.1,1.0,0.654,15
CiteSeer,3327,9104,GraphSAGE,1,32,0.001,0.1,1.0,0.631,15
CiteSeer,3327,9104,GAT,1,32,0.001,0.1,1.0,0.628,15
CiteSeer,3327,9104,GCN,1,32,0.0001,0.5,0.9416666666666667,0.578,16
CiteSeer,3327,9104,GraphSAGE,1,32,0.0001,0.5,1.0,0.511,16
CiteSeer,3327,9104,GAT,1,32,0.0001,0.5,0.95,0.67,16
CiteSeer,3327,9104,GCN,1,32,0.0001,0.2,0.9583333333333334,0.545,17
CiteSeer,3327,9104,GraphSAGE,1,32,0.0001,0.2,1.0,0.568,17
CiteSeer,3327,9104,GAT,1,32,0.0001,0.2,0.9583333333333334,0.65,17
CiteSeer,3327,9104,GCN,1,32,0.0001,0.1,0.9333333333333333,0.493,18
CiteSeer,3327,9104,GraphSAGE,1,32,0.0001,0.1,1.0,0.626,18
CiteSeer,3327,9104,GAT,1,32,0.0001,0.1,0.9666666666666667,0.643,18
CiteSeer,3327,9104,GCN,1,64,0.01,0.5,1.0,0.658,19
CiteSeer,3327,9104,GraphSAGE,1,64,0.01,0.5,1.0,0.66,19
CiteSeer,3327,9104,GAT,1,64,0.01,0.5,1.0,0.589,19
CiteSeer,3327,9104,GCN,1,64,0.01,0.2,1.0,0.642,20
CiteSeer,3327,9104,GraphSAGE,1,64,0.01,0.2,1.0,0.505,20
CiteSeer,3327,9104,GAT,1,64,0.01,0.2,1.0,0.631,20
CiteSeer,3327,9104,GCN,1,64,0.01,0.1,1.0,0.653,21
CiteSeer,3327,9104,GraphSAGE,1,64,0.01,0.1,1.0,0.535,21
CiteSeer,3327,9104,GAT,1,64,0.01,0.1,1.0,0.567,21
CiteSeer,3327,9104,GCN,1,64,0.001,0.5,1.0,0.665,22
CiteSeer,3327,9104,GraphSAGE,1,64,0.001,0.5,1.0,0.655,22
CiteSeer,3327,9104,GAT,1,64,0.001,0.5,1.0,0.679,22
CiteSeer,3327,9104,GCN,1,64,0.001,0.2,1.0,0.65,23
CiteSeer,3327,9104,GraphSAGE,1,64,0.001,0.2,1.0,0.639,23
CiteSeer,3327,9104,GAT,1,64,0.001,0.2,1.0,0.673,23
CiteSeer,3327,9104,GCN,1,64,0.001,0.1,1.0,0.656,24
CiteSeer,3327,9104,GraphSAGE,1,64,0.001,0.1,1.0,0.608,24
CiteSeer,3327,9104,GAT,1,64,0.001,0.1,1.0,0.63,24
CiteSeer,3327,9104,GCN,1,64,0.0001,0.5,0.9833333333333333,0.657,25
CiteSeer,3327,9104,GraphSAGE,1,64,0.0001,0.5,1.0,0.57,25
CiteSeer,3327,9104,GAT,1,64,0.0001,0.5,0.9583333333333334,0.666,25
CiteSeer,3327,9104,GCN,1,64,0.0001,0.2,0.9583333333333334,0.686,26
CiteSeer,3327,9104,GraphSAGE,1,64,0.0001,0.2,1.0,0.64,26
CiteSeer,3327,9104,GAT,1,64,0.0001,0.2,0.975,0.635,26
CiteSeer,3327,9104,GCN,1,64,0.0001,0.1,0.9833333333333333,0.608,27
CiteSeer,3327,9104,GraphSAGE,1,64,0.0001,0.1,1.0,0.651,27
CiteSeer,3327,9104,GAT,1,64,0.0001,0.1,0.9833333333333333,0.67,27
CiteSeer,3327,9104,GCN,2,16,0.01,0.5,1.0,0.623,28
CiteSeer,3327,9104,GraphSAGE,2,16,0.01,0.5,1.0,0.644,28
CiteSeer,3327,9104,GAT,2,16,0.01,0.5,1.0,0.59,28
CiteSeer,3327,9104,GCN,2,16,0.01,0.2,1.0,0.631,29
CiteSeer,3327,9104,GraphSAGE,2,16,0.01,0.2,1.0,0.603,29
CiteSeer,3327,9104,GAT,2,16,0.01,0.2,1.0,0.606,29
CiteSeer,3327,9104,GCN,2,16,0.01,0.1,1.0,0.598,30
CiteSeer,3327,9104,GraphSAGE,2,16,0.01,0.1,1.0,0.522,30
CiteSeer,3327,9104,GAT,2,16,0.01,0.1,1.0,0.584,30
CiteSeer,3327,9104,GCN,2,16,0.001,0.5,0.9916666666666667,0.651,31
CiteSeer,3327,9104,GraphSAGE,2,16,0.001,0.5,1.0,0.577,31
CiteSeer,3327,9104,GAT,2,16,0.001,0.5,0.9916666666666667,0.607,31
CiteSeer,3327,9104,GCN,2,16,0.001,0.2,1.0,0.628,32
CiteSeer,3327,9104,GraphSAGE,2,16,0.001,0.2,1.0,0.621,32
CiteSeer,3327,9104,GAT,2,16,0.001,0.2,1.0,0.627,32
CiteSeer,3327,9104,GCN,2,16,0.001,0.1,1.0,0.631,33
CiteSeer,3327,9104,GraphSAGE,2,16,0.001,0.1,1.0,0.605,33
CiteSeer,3327,9104,GAT,2,16,0.001,0.1,1.0,0.607,33
CiteSeer,3327,9104,GCN,2,16,0.0001,0.5,0.65,0.417,34
CiteSeer,3327,9104,GraphSAGE,2,16,0.0001,0.5,0.9416666666666667,0.585,34
CiteSeer,3327,9104,GAT,2,16,0.0001,0.5,0.9333333333333333,0.628,34
CiteSeer,3327,9104,GCN,2,16,0.0001,0.2,0.7083333333333334,0.384,35
CiteSeer,3327,9104,GraphSAGE,2,16,0.0001,0.2,0.8666666666666667,0.339,35
CiteSeer,3327,9104,GAT,2,16,0.0001,0.2,0.9416666666666667,0.618,35
CiteSeer,3327,9104,GCN,2,16,0.0001,0.1,0.7833333333333333,0.488,36
CiteSeer,3327,9104,GraphSAGE,2,16,0.0001,0.1,0.8833333333333333,0.453,36
CiteSeer,3327,9104,GAT,2,16,0.0001,0.1,0.9666666666666667,0.642,36
CiteSeer,3327,9104,GCN,2,32,0.01,0.5,1.0,0.643,37
CiteSeer,3327,9104,GraphSAGE,2,32,0.01,0.5,1.0,0.588,37
CiteSeer,3327,9104,GAT,2,32,0.01,0.5,1.0,0.594,37
CiteSeer,3327,9104,GCN,2,32,0.01,0.2,1.0,0.636,38
CiteSeer,3327,9104,GraphSAGE,2,32,0.01,0.2,1.0,0.551,38
CiteSeer,3327,9104,GAT,2,32,0.01,0.2,1.0,0.6,38
CiteSeer,3327,9104,GCN,2,32,0.01,0.1,1.0,0.606,39
CiteSeer,3327,9104,GraphSAGE,2,32,0.01,0.1,1.0,0.546,39
CiteSeer,3327,9104,GAT,2,32,0.01,0.1,1.0,0.575,39
CiteSeer,3327,9104,GCN,2,32,0.001,0.5,1.0,0.638,40
CiteSeer,3327,9104,GraphSAGE,2,32,0.001,0.5,1.0,0.65,40
CiteSeer,3327,9104,GAT,2,32,0.001,0.5,1.0,0.615,40
CiteSeer,3327,9104,GCN,2,32,0.001,0.2,1.0,0.624,41
CiteSeer,3327,9104,GraphSAGE,2,32,0.001,0.2,1.0,0.637,41
CiteSeer,3327,9104,GAT,2,32,0.001,0.2,1.0,0.628,41
CiteSeer,3327,9104,GCN,2,32,0.001,0.1,1.0,0.639,42
CiteSeer,3327,9104,GraphSAGE,2,32,0.001,0.1,1.0,0.608,42
CiteSeer,3327,9104,GAT,2,32,0.001,0.1,1.0,0.625,42
CiteSeer,3327,9104,GCN,2,32,0.0001,0.5,0.9166666666666666,0.519,43
CiteSeer,3327,9104,GraphSAGE,2,32,0.0001,0.5,0.875,0.561,43
CiteSeer,3327,9104,GAT,2,32,0.0001,0.5,0.925,0.636,43
CiteSeer,3327,9104,GCN,2,32,0.0001,0.2,0.9083333333333333,0.564,44
CiteSeer,3327,9104,GraphSAGE,2,32,0.0001,0.2,0.9666666666666667,0.445,44
CiteSeer,3327,9104,GAT,2,32,0.0001,0.2,0.9333333333333333,0.676,44
CiteSeer,3327,9104,GCN,2,32,0.0001,0.1,0.9,0.578,45
CiteSeer,3327,9104,GraphSAGE,2,32,0.0001,0.1,0.9916666666666667,0.544,45
CiteSeer,3327,9104,GAT,2,32,0.0001,0.1,0.9583333333333334,0.64,45
CiteSeer,3327,9104,GCN,2,64,0.01,0.5,1.0,0.634,46
CiteSeer,3327,9104,GraphSAGE,2,64,0.01,0.5,1.0,0.655,46
CiteSeer,3327,9104,GAT,2,64,0.01,0.5,1.0,0.594,46
CiteSeer,3327,9104,GCN,2,64,0.01,0.2,1.0,0.626,47
CiteSeer,3327,9104,GraphSAGE,2,64,0.01,0.2,1.0,0.48,47
CiteSeer,3327,9104,GAT,2,64,0.01,0.2,1.0,0.605,47
CiteSeer,3327,9104,GCN,2,64,0.01,0.1,1.0,0.599,48
CiteSeer,3327,9104,GraphSAGE,2,64,0.01,0.1,1.0,0.59,48
CiteSeer,3327,9104,GAT,2,64,0.01,0.1,1.0,0.539,48
CiteSeer,3327,9104,GCN,2,64,0.001,0.5,1.0,0.649,49
CiteSeer,3327,9104,GraphSAGE,2,64,0.001,0.5,1.0,0.67,49
CiteSeer,3327,9104,GAT,2,64,0.001,0.5,1.0,0.628,49
CiteSeer,3327,9104,GCN,2,64,0.001,0.2,1.0,0.631,50
CiteSeer,3327,9104,GraphSAGE,2,64,0.001,0.2,1.0,0.654,50
CiteSeer,3327,9104,GAT,2,64,0.001,0.2,1.0,0.611,50
CiteSeer,3327,9104,GCN,2,64,0.001,0.1,1.0,0.632,51
CiteSeer,3327,9104,GraphSAGE,2,64,0.001,0.1,1.0,0.658,51
CiteSeer,3327,9104,GAT,2,64,0.001,0.1,1.0,0.642,51
CiteSeer,3327,9104,GCN,2,64,0.0001,0.5,0.9333333333333333,0.659,52
CiteSeer,3327,9104,GraphSAGE,2,64,0.0001,0.5,0.9833333333333333,0.555,52
CiteSeer,3327,9104,GAT,2,64,0.0001,0.5,0.95,0.666,52
CiteSeer,3327,9104,GCN,2,64,0.0001,0.2,0.9416666666666667,0.645,53
CiteSeer,3327,9104,GraphSAGE,2,64,0.0001,0.2,1.0,0.616,53
CiteSeer,3327,9104,GAT,2,64,0.0001,0.2,0.9666666666666667,0.657,53
CiteSeer,3327,9104,GCN,2,64,0.0001,0.1,0.9666666666666667,0.636,54
CiteSeer,3327,9104,GraphSAGE,2,64,0.0001,0.1,1.0,0.671,54
CiteSeer,3327,9104,GAT,2,64,0.0001,0.1,0.9666666666666667,0.65,54
CiteSeer,3327,9104,GCN,3,16,0.01,0.5,1.0,0.591,55
CiteSeer,3327,9104,GraphSAGE,3,16,0.01,0.5,1.0,0.606,55
CiteSeer,3327,9104,GAT,3,16,0.01,0.5,1.0,0.607,55
CiteSeer,3327,9104,GCN,3,16,0.01,0.2,1.0,0.585,56
CiteSeer,3327,9104,GraphSAGE,3,16,0.01,0.2,1.0,0.545,56
CiteSeer,3327,9104,GAT,3,16,0.01,0.2,1.0,0.574,56
CiteSeer,3327,9104,GCN,3,16,0.01,0.1,1.0,0.58,57
CiteSeer,3327,9104,GraphSAGE,3,16,0.01,0.1,1.0,0.443,57
CiteSeer,3327,9104,GAT,3,16,0.01,0.1,1.0,0.553,57
CiteSeer,3327,9104,GCN,3,16,0.001,0.5,0.975,0.617,58
CiteSeer,3327,9104,GraphSAGE,3,16,0.001,0.5,0.9833333333333333,0.551,58
CiteSeer,3327,9104,GAT,3,16,0.001,0.5,0.9916666666666667,0.635,58
CiteSeer,3327,9104,GCN,3,16,0.001,0.2,1.0,0.615,59
CiteSeer,3327,9104,GraphSAGE,3,16,0.001,0.2,1.0,0.577,59
CiteSeer,3327,9104,GAT,3,16,0.001,0.2,1.0,0.609,59
CiteSeer,3327,9104,GCN,3,16,0.001,0.1,1.0,0.611,60
CiteSeer,3327,9104,GraphSAGE,3,16,0.001,0.1,1.0,0.457,60
CiteSeer,3327,9104,GAT,3,16,0.001,0.1,1.0,0.605,60
CiteSeer,3327,9104,GCN,3,16,0.0001,0.5,0.75,0.513,61
CiteSeer,3327,9104,GraphSAGE,3,16,0.0001,0.5,0.5166666666666667,0.264,61
CiteSeer,3327,9104,GAT,3,16,0.0001,0.5,0.8166666666666667,0.515,61
CiteSeer,3327,9104,GCN,3,16,0.0001,0.2,0.875,0.569,62
CiteSeer,3327,9104,GraphSAGE,3,16,0.0001,0.2,0.725,0.416,62
CiteSeer,3327,9104,GAT,3,16,0.0001,0.2,0.9083333333333333,0.643,62
CiteSeer,3327,9104,GCN,3,16,0.0001,0.1,0.48333333333333334,0.351,63
CiteSeer,3327,9104,GraphSAGE,3,16,0.0001,0.1,0.725,0.341,63
CiteSeer,3327,9104,GAT,3,16,0.0001,0.1,0.9333333333333333,0.59,63
CiteSeer,3327,9104,GCN,3,32,0.01,0.5,1.0,0.61,64
CiteSeer,3327,9104,GraphSAGE,3,32,0.01,0.5,1.0,0.624,64
CiteSeer,3327,9104,GAT,3,32,0.01,0.5,1.0,0.57,64
CiteSeer,3327,9104,GCN,3,32,0.01,0.2,1.0,0.615,65
CiteSeer,3327,9104,GraphSAGE,3,32,0.01,0.2,1.0,0.544,65
CiteSeer,3327,9104,GAT,3,32,0.01,0.2,1.0,0.616,65
CiteSeer,3327,9104,GCN,3,32,0.01,0.1,1.0,0.606,66
CiteSeer,3327,9104,GraphSAGE,3,32,0.01,0.1,1.0,0.543,66
CiteSeer,3327,9104,GAT,3,32,0.01,0.1,1.0,0.525,66
CiteSeer,3327,9104,GCN,3,32,0.001,0.5,0.9916666666666667,0.638,67
CiteSeer,3327,9104,GraphSAGE,3,32,0.001,0.5,1.0,0.646,67
CiteSeer,3327,9104,GAT,3,32,0.001,0.5,1.0,0.624,67
CiteSeer,3327,9104,GCN,3,32,0.001,0.2,1.0,0.589,68
CiteSeer,3327,9104,GraphSAGE,3,32,0.001,0.2,1.0,0.588,68
CiteSeer,3327,9104,GAT,3,32,0.001,0.2,1.0,0.622,68
CiteSeer,3327,9104,GCN,3,32,0.001,0.1,1.0,0.624,69
CiteSeer,3327,9104,GraphSAGE,3,32,0.001,0.1,1.0,0.606,69
CiteSeer,3327,9104,GAT,3,32,0.001,0.1,1.0,0.599,69
CiteSeer,3327,9104,GCN,3,32,0.0001,0.5,0.6,0.368,70
CiteSeer,3327,9104,GraphSAGE,3,32,0.0001,0.5,0.9083333333333333,0.484,70
CiteSeer,3327,9104,GAT,3,32,0.0001,0.5,0.925,0.665,70
CiteSeer,3327,9104,GCN,3,32,0.0001,0.2,0.925,0.554,71
CiteSeer,3327,9104,GraphSAGE,3,32,0.0001,0.2,0.95,0.457,71
CiteSeer,3327,9104,GAT,3,32,0.0001,0.2,0.9166666666666666,0.623,71
CiteSeer,3327,9104,GCN,3,32,0.0001,0.1,0.825,0.42,72
CiteSeer,3327,9104,GraphSAGE,3,32,0.0001,0.1,0.95,0.524,72
CiteSeer,3327,9104,GAT,3,32,0.0001,0.1,0.9333333333333333,0.667,72
CiteSeer,3327,9104,GCN,3,64,0.01,0.5,1.0,0.615,73
CiteSeer,3327,9104,GraphSAGE,3,64,0.01,0.5,1.0,0.596,73
CiteSeer,3327,9104,GAT,3,64,0.01,0.5,1.0,0.567,73
CiteSeer,3327,9104,GCN,3,64,0.01,0.2,1.0,0.59,74
CiteSeer,3327,9104,GraphSAGE,3,64,0.01,0.2,1.0,0.548,74
CiteSeer,3327,9104,GAT,3,64,0.01,0.2,1.0,0.582,74
CiteSeer,3327,9104,GCN,3,64,0.01,0.1,1.0,0.594,75
CiteSeer,3327,9104,GraphSAGE,3,64,0.01,0.1,1.0,0.489,75
CiteSeer,3327,9104,GAT,3,64,0.01,0.1,1.0,0.547,75
CiteSeer,3327,9104,GCN,3,64,0.001,0.5,1.0,0.635,76
CiteSeer,3327,9104,GraphSAGE,3,64,0.001,0.5,1.0,0.64,76
CiteSeer,3327,9104,GAT,3,64,0.001,0.5,1.0,0.643,76
CiteSeer,3327,9104,GCN,3,64,0.001,0.2,1.0,0.627,77
CiteSeer,3327,9104,GraphSAGE,3,64,0.001,0.2,1.0,0.657,77
CiteSeer,3327,9104,GAT,3,64,0.001,0.2,1.0,0.612,77
CiteSeer,3327,9104,GCN,3,64,0.001,0.1,1.0,0.62,78
CiteSeer,3327,9104,GraphSAGE,3,64,0.001,0.1,1.0,0.631,78
CiteSeer,3327,9104,GAT,3,64,0.001,0.1,1.0,0.615,78
CiteSeer,3327,9104,GCN,3,64,0.0001,0.5,0.8916666666666667,0.509,79
CiteSeer,3327,9104,GraphSAGE,3,64,0.0001,0.5,0.9333333333333333,0.496,79
CiteSeer,3327,9104,GAT,3,64,0.0001,0.5,0.9416666666666667,0.666,79
CiteSeer,3327,9104,GCN,3,64,0.0001,0.2,0.9416666666666667,0.616,80
CiteSeer,3327,9104,GraphSAGE,3,64,0.0001,0.2,0.9833333333333333,0.65,80
CiteSeer,3327,9104,GAT,3,64,0.0001,0.2,0.9583333333333334,0.665,80
CiteSeer,3327,9104,GCN,3,64,0.0001,0.1,0.95,0.643,81
CiteSeer,3327,9104,GraphSAGE,3,64,0.0001,0.1,0.9916666666666667,0.643,81
CiteSeer,3327,9104,GAT,3,64,0.0001,0.1,0.9583333333333334,0.641,81
Pubmed,19717,88648,GCN,1,16,0.01,0.5,1.0,0.761,1
Pubmed,19717,88648,GraphSAGE,1,16,0.01,0.5,1.0,0.746,1
Pubmed,19717,88648,GAT,1,16,0.01,0.5,1.0,0.738,1
Pubmed,19717,88648,GCN,1,16,0.01,0.2,1.0,0.758,2
Pubmed,19717,88648,GraphSAGE,1,16,0.01,0.2,1.0,0.728,2
Pubmed,19717,88648,GAT,1,16,0.01,0.2,1.0,0.743,2
Pubmed,19717,88648,GCN,1,16,0.01,0.1,1.0,0.762,3
Pubmed,19717,88648,GraphSAGE,1,16,0.01,0.1,1.0,0.722,3
Pubmed,19717,88648,GAT,1,16,0.01,0.1,1.0,0.719,3
Pubmed,19717,88648,GCN,1,16,0.001,0.5,0.95,0.741,4
Pubmed,19717,88648,GraphSAGE,1,16,0.001,0.5,0.9833333333333333,0.731,4
Pubmed,19717,88648,GAT,1,16,0.001,0.5,0.9333333333333333,0.727,4
Pubmed,19717,88648,GCN,1,16,0.001,0.2,0.95,0.754,5
Pubmed,19717,88648,GraphSAGE,1,16,0.001,0.2,1.0,0.746,5
Pubmed,19717,88648,GAT,1,16,0.001,0.2,0.95,0.723,5
Pubmed,19717,88648,GCN,1,16,0.001,0.1,0.95,0.762,6
Pubmed,19717,88648,GraphSAGE,1,16,0.001,0.1,1.0,0.727,6
Pubmed,19717,88648,GAT,1,16,0.001,0.1,0.95,0.736,6
Pubmed,19717,88648,GCN,1,16,0.0001,0.5,0.9166666666666666,0.669,7
Pubmed,19717,88648,GraphSAGE,1,16,0.0001,0.5,0.7333333333333333,0.488,7
Pubmed,19717,88648,GAT,1,16,0.0001,0.5,0.8333333333333334,0.669,7
Pubmed,19717,88648,GCN,1,16,0.0001,0.2,0.9166666666666666,0.708,8
Pubmed,19717,88648,GraphSAGE,1,16,0.0001,0.2,0.3333333333333333,0.413,8
Pubmed,19717,88648,GAT,1,16,0.0001,0.2,0.8833333333333333,0.644,8
Pubmed,19717,88648,GCN,1,16,0.0001,0.1,0.8166666666666667,0.663,9
Pubmed,19717,88648,GraphSAGE,1,16,0.0001,0.1,0.6666666666666666,0.427,9
Pubmed,19717,88648,GAT,1,16,0.0001,0.1,0.85,0.692,9
Pubmed,19717,88648,GCN,1,32,0.01,0.5,1.0,0.76,10
Pubmed,19717,88648,GraphSAGE,1,32,0.01,0.5,1.0,0.743,10
Pubmed,19717,88648,GAT,1,32,0.01,0.5,1.0,0.721,10
Pubmed,19717,88648,GCN,1,32,0.01,0.2,1.0,0.761,11
Pubmed,19717,88648,GraphSAGE,1,32,0.01,0.2,1.0,0.741,11
Pubmed,19717,88648,GAT,1,32,0.01,0.2,1.0,0.746,11
Pubmed,19717,88648,GCN,1,32,0.01,0.1,1.0,0.759,12
Pubmed,19717,88648,GraphSAGE,1,32,0.01,0.1,1.0,0.735,12
Pubmed,19717,88648,GAT,1,32,0.01,0.1,1.0,0.753,12
Pubmed,19717,88648,GCN,1,32,0.001,0.5,0.95,0.753,13
Pubmed,19717,88648,GraphSAGE,1,32,0.001,0.5,1.0,0.737,13
Pubmed,19717,88648,GAT,1,32,0.001,0.5,0.95,0.744,13
Pubmed,19717,88648,GCN,1,32,0.001,0.2,0.95,0.757,14
Pubmed,19717,88648,GraphSAGE,1,32,0.001,0.2,1.0,0.743,14
Pubmed,19717,88648,GAT,1,32,0.001,0.2,0.95,0.743,14
Pubmed,19717,88648,GCN,1,32,0.001,0.1,0.95,0.768,15
Pubmed,19717,88648,GraphSAGE,1,32,0.001,0.1,1.0,0.748,15
Pubmed,19717,88648,GAT,1,32,0.001,0.1,0.95,0.745,15
Pubmed,19717,88648,GCN,1,32,0.0001,0.5,0.9333333333333333,0.709,16
Pubmed,19717,88648,GraphSAGE,1,32,0.0001,0.5,0.8833333333333333,0.516,16
Pubmed,19717,88648,GAT,1,32,0.0001,0.5,0.8833333333333333,0.69,16
Pubmed,19717,88648,GCN,1,32,0.0001,0.2,0.95,0.739,17
Pubmed,19717,88648,GraphSAGE,1,32,0.0001,0.2,0.9833333333333333,0.718,17
Pubmed,19717,88648,GAT,1,32,0.0001,0.2,0.9333333333333333,0.695,17
Pubmed,19717,88648,GCN,1,32,0.0001,0.1,0.8833333333333333,0.682,18
Pubmed,19717,88648,GraphSAGE,1,32,0.0001,0.1,0.6,0.448,18
Pubmed,19717,88648,GAT,1,32,0.0001,0.1,0.8833333333333333,0.69,18
Pubmed,19717,88648,GCN,1,64,0.01,0.5,1.0,0.761,19
Pubmed,19717,88648,GraphSAGE,1,64,0.01,0.5,1.0,0.751,19
Pubmed,19717,88648,GAT,1,64,0.01,0.5,1.0,0.754,19
Pubmed,19717,88648,GCN,1,64,0.01,0.2,1.0,0.761,20
Pubmed,19717,88648,GraphSAGE,1,64,0.01,0.2,1.0,0.747,20
Pubmed,19717,88648,GAT,1,64,0.01,0.2,1.0,0.719,20
Pubmed,19717,88648,GCN,1,64,0.01,0.1,1.0,0.764,21
Pubmed,19717,88648,GraphSAGE,1,64,0.01,0.1,1.0,0.736,21
Pubmed,19717,88648,GAT,1,64,0.01,0.1,1.0,0.755,21
Pubmed,19717,88648,GCN,1,64,0.001,0.5,0.9666666666666667,0.757,22
Pubmed,19717,88648,GraphSAGE,1,64,0.001,0.5,1.0,0.758,22
Pubmed,19717,88648,GAT,1,64,0.001,0.5,0.9666666666666667,0.743,22
Pubmed,19717,88648,GCN,1,64,0.001,0.2,0.9666666666666667,0.775,23
Pubmed,19717,88648,GraphSAGE,1,64,0.001,0.2,1.0,0.746,23
Pubmed,19717,88648,GAT,1,64,0.001,0.2,0.9833333333333333,0.763,23
Pubmed,19717,88648,GCN,1,64,0.001,0.1,0.9833333333333333,0.765,24
Pubmed,19717,88648,GraphSAGE,1,64,0.001,0.1,1.0,0.759,24
Pubmed,19717,88648,GAT,1,64,0.001,0.1,0.9833333333333333,0.76,24
Pubmed,19717,88648,GCN,1,64,0.0001,0.5,0.9333333333333333,0.721,25
Pubmed,19717,88648,GraphSAGE,1,64,0.0001,0.5,0.9,0.526,25
Pubmed,19717,88648,GAT,1,64,0.0001,0.5,0.9166666666666666,0.724,25
Pubmed,19717,88648,GCN,1,64,0.0001,0.2,0.9,0.686,26
Pubmed,19717,88648,GraphSAGE,1,64,0.0001,0.2,0.8833333333333333,0.557,26
Pubmed,19717,88648,GAT,1,64,0.0001,0.2,0.9,0.679,26
Pubmed,19717,88648,GCN,1,64,0.0001,0.1,0.9166666666666666,0.657,27
Pubmed,19717,88648,GraphSAGE,1,64,0.0001,0.1,0.9333333333333333,0.72,27
Pubmed,19717,88648,GAT,1,64,0.0001,0.1,0.9,0.688,27
Pubmed,19717,88648,GCN,2,16,0.01,0.5,1.0,0.754,28
Pubmed,19717,88648,GraphSAGE,2,16,0.01,0.5,1.0,0.758,28
Pubmed,19717,88648,GAT,2,16,0.01,0.5,1.0,0.701,28
Pubmed,19717,88648,GCN,2,16,0.01,0.2,1.0,0.76,29
Pubmed,19717,88648,GraphSAGE,2,16,0.01,0.2,1.0,0.759,29
Pubmed,19717,88648,GAT,2,16,0.01,0.2,1.0,0.749,29
Pubmed,19717,88648,GCN,2,16,0.01,0.1,1.0,0.758,30
Pubmed,19717,88648,GraphSAGE,2,16,0.01,0.1,1.0,0.765,30
Pubmed,19717,88648,GAT,2,16,0.01,0.1,1.0,0.732,30
Pubmed,19717,88648,GCN,2,16,0.001,0.5,0.95,0.722,31
Pubmed,19717,88648,GraphSAGE,2,16,0.001,0.5,1.0,0.734,31
Pubmed,19717,88648,GAT,2,16,0.001,0.5,0.95,0.731,31
Pubmed,19717,88648,GCN,2,16,0.001,0.2,0.9333333333333333,0.736,32
Pubmed,19717,88648,GraphSAGE,2,16,0.001,0.2,1.0,0.759,32
Pubmed,19717,88648,GAT,2,16,0.001,0.2,0.9666666666666667,0.755,32
Pubmed,19717,88648,GCN,2,16,0.001,0.1,0.9333333333333333,0.761,33
Pubmed,19717,88648,GraphSAGE,2,16,0.001,0.1,1.0,0.756,33
Pubmed,19717,88648,GAT,2,16,0.001,0.1,0.9666666666666667,0.754,33
Pubmed,19717,88648,GCN,2,16,0.0001,0.5,0.7666666666666667,0.634,34
Pubmed,19717,88648,GraphSAGE,2,16,0.0001,0.5,0.3333333333333333,0.407,34
Pubmed,19717,88648,GAT,2,16,0.0001,0.5,0.8333333333333334,0.676,34
Pubmed,19717,88648,GCN,2,16,0.0001,0.2,0.6166666666666667,0.525,35
Pubmed,19717,88648,GraphSAGE,2,16,0.0001,0.2,0.65,0.524,35
Pubmed,19717,88648,GAT,2,16,0.0001,0.2,0.8666666666666667,0.681,35
Pubmed,19717,88648,GCN,2,16,0.0001,0.1,0.9,0.706,36
Pubmed,19717,88648,GraphSAGE,2,16,0.0001,0.1,0.48333333333333334,0.275,36
Pubmed,19717,88648,GAT,2,16,0.0001,0.1,0.9,0.686,36
Pubmed,19717,88648,GCN,2,32,0.01,0.5,1.0,0.763,37
Pubmed,19717,88648,GraphSAGE,2,32,0.01,0.5,1.0,0.756,37
Pubmed,19717,88648,GAT,2,32,0.01,0.5,1.0,0.749,37
Pubmed,19717,88648,GCN,2,32,0.01,0.2,1.0,0.759,38
Pubmed,19717,88648,GraphSAGE,2,32,0.01,0.2,1.0,0.744,38
Pubmed,19717,88648,GAT,2,32,0.01,0.2,1.0,0.749,38
Pubmed,19717,88648,GCN,2,32,0.01,0.1,1.0,0.759,39
Pubmed,19717,88648,GraphSAGE,2,32,0.01,0.1,1.0,0.761,39
Pubmed,19717,88648,GAT,2,32,0.01,0.1,1.0,0.756,39
Pubmed,19717,88648,GCN,2,32,0.001,0.5,0.9833333333333333,0.774,40
Pubmed,19717,88648,GraphSAGE,2,32,0.001,0.5,1.0,0.762,40
Pubmed,19717,88648,GAT,2,32,0.001,0.5,1.0,0.758,40
Pubmed,19717,88648,GCN,2,32,0.001,0.2,1.0,0.763,41
Pubmed,19717,88648,GraphSAGE,2,32,0.001,0.2,1.0,0.747,41
Pubmed,19717,88648,GAT,2,32,0.001,0.2,1.0,0.772,41
Pubmed,19717,88648,GCN,2,32,0.001,0.1,0.9833333333333333,0.765,42
Pubmed,19717,88648,GraphSAGE,2,32,0.001,0.1,1.0,0.769,42
Pubmed,19717,88648,GAT,2,32,0.001,0.1,1.0,0.771,42
Pubmed,19717,88648,GCN,2,32,0.0001,0.5,0.8666666666666667,0.692,43
Pubmed,19717,88648,GraphSAGE,2,32,0.0001,0.5,0.3333333333333333,0.413,43
Pubmed,19717,88648,GAT,2,32,0.0001,0.5,0.8833333333333333,0.696,43
Pubmed,19717,88648,GCN,2,32,0.0001,0.2,0.8333333333333334,0.621,44
Pubmed,19717,88648,GraphSAGE,2,32,0.0001,0.2,0.3333333333333333,0.413,44
Pubmed,19717,88648,GAT,2,32,0.0001,0.2,0.9,0.735,44
Pubmed,19717,88648,GCN,2,32,0.0001,0.1,0.8666666666666667,0.668,45
Pubmed,19717,88648,GraphSAGE,2,32,0.0001,0.1,0.5833333333333334,0.277,45
Pubmed,19717,88648,GAT,2,32,0.0001,0.1,0.85,0.661,45
Pubmed,19717,88648,GCN,2,64,0.01,0.5,1.0,0.76,46
Pubmed,19717,88648,GraphSAGE,2,64,0.01,0.5,1.0,0.758,46
Pubmed,19717,88648,GAT,2,64,0.01,0.5,1.0,0.741,46
Pubmed,19717,88648,GCN,2,64,0.01,0.2,1.0,0.762,47
Pubmed,19717,88648,GraphSAGE,2,64,0.01,0.2,1.0,0.724,47
Pubmed,19717,88648,GAT,2,64,0.01,0.2,1.0,0.74,47
Pubmed,19717,88648,GCN,2,64,0.01,0.1,1.0,0.759,48
Pubmed,19717,88648,GraphSAGE,2,64,0.01,0.1,1.0,0.738,48
Pubmed,19717,88648,GAT,2,64,0.01,0.1,1.0,0.749,48
Pubmed,19717,88648,GCN,2,64,0.001,0.5,1.0,0.763,49
Pubmed,19717,88648,GraphSAGE,2,64,0.001,0.5,1.0,0.75,49
Pubmed,19717,88648,GAT,2,64,0.001,0.5,1.0,0.76,49
Pubmed,19717,88648,GCN,2,64,0.001,0.2,1.0,0.754,50
Pubmed,19717,88648,GraphSAGE,2,64,0.001,0.2,1.0,0.754,50
Pubmed,19717,88648,GAT,2,64,0.001,0.2,1.0,0.765,50
Pubmed,19717,88648,GCN,2,64,0.001,0.1,1.0,0.765,51
Pubmed,19717,88648,GraphSAGE,2,64,0.001,0.1,1.0,0.756,51
Pubmed,19717,88648,GAT,2,64,0.001,0.1,1.0,0.758,51
Pubmed,19717,88648,GCN,2,64,0.0001,0.5,0.85,0.683,52
Pubmed,19717,88648,GraphSAGE,2,64,0.0001,0.5,0.9333333333333333,0.719,52
Pubmed,19717,88648,GAT,2,64,0.0001,0.5,0.8,0.696,52
Pubmed,19717,88648,GCN,2,64,0.0001,0.2,0.9166666666666666,0.73,53
Pubmed,19717,88648,GraphSAGE,2,64,0.0001,0.2,0.9166666666666666,0.708,53
Pubmed,19717,88648,GAT,2,64,0.0001,0.2,0.8833333333333333,0.709,53
Pubmed,19717,88648,GCN,2,64,0.0001,0.1,0.9166666666666666,0.713,54
Pubmed,19717,88648,GraphSAGE,2,64,0.0001,0.1,0.95,0.673,54
Pubmed,19717,88648,GAT,2,64,0.0001,0.1,0.9,0.698,54
Pubmed,19717,88648,GCN,3,16,0.01,0.5,1.0,0.763,55
Pubmed,19717,88648,GraphSAGE,3,16,0.01,0.5,1.0,0.741,55
Pubmed,19717,88648,GAT,3,16,0.01,0.5,1.0,0.764,55
Pubmed,19717,88648,GCN,3,16,0.01,0.2,1.0,0.756,56
Pubmed,19717,88648,GraphSAGE,3,16,0.01,0.2,1.0,0.705,56
Pubmed,19717,88648,GAT,3,16,0.01,0.2,1.0,0.751,56
Pubmed,19717,88648,GCN,3,16,0.01,0.1,1.0,0.754,57
Pubmed,19717,88648,GraphSAGE,3,16,0.01,0.1,1.0,0.746,57
Pubmed,19717,88648,GAT,3,16,0.01,0.1,1.0,0.752,57
Pubmed,19717,88648,GCN,3,16,0.001,0.5,0.9666666666666667,0.722,58
Pubmed,19717,88648,GraphSAGE,3,16,0.001,0.5,0.9833333333333333,0.681,58
Pubmed,19717,88648,GAT,3,16,0.001,0.5,0.9833333333333333,0.719,58
Pubmed,19717,88648,GCN,3,16,0.001,0.2,0.9333333333333333,0.751,59
Pubmed,19717,88648,GraphSAGE,3,16,0.001,0.2,1.0,0.684,59
Pubmed,19717,88648,GAT,3,16,0.001,0.2,0.9833333333333333,0.781,59
Pubmed,19717,88648,GCN,3,16,0.001,0.1,0.95,0.763,60
Pubmed,19717,88648,GraphSAGE,3,16,0.001,0.1,1.0,0.748,60
Pubmed,19717,88648,GAT,3,16,0.001,0.1,0.9833333333333333,0.753,60
Pubmed,19717,88648,GCN,3,16,0.0001,0.5,0.6333333333333333,0.492,61
Pubmed,19717,88648,GraphSAGE,3,16,0.0001,0.5,0.6333333333333333,0.518,61
Pubmed,19717,88648,GAT,3,16,0.0001,0.5,0.8333333333333334,0.685,61
Pubmed,19717,88648,GCN,3,16,0.0001,0.2,0.7833333333333333,0.581,62
Pubmed,19717,88648,GraphSAGE,3,16,0.0001,0.2,0.3333333333333333,0.407,62
Pubmed,19717,88648,GAT,3,16,0.0001,0.2,0.85,0.71,62
Pubmed,19717,88648,GCN,3,16,0.0001,0.1,0.9,0.691,63
Pubmed,19717,88648,GraphSAGE,3,16,0.0001,0.1,0.3333333333333333,0.407,63
Pubmed,19717,88648,GAT,3,16,0.0001,0.1,0.8833333333333333,0.653,63
Pubmed,19717,88648,GCN,3,32,0.01,0.5,1.0,0.771,64
Pubmed,19717,88648,GraphSAGE,3,32,0.01,0.5,1.0,0.725,64
Pubmed,19717,88648,GAT,3,32,0.01,0.5,1.0,0.749,64
Pubmed,19717,88648,GCN,3,32,0.01,0.2,1.0,0.77,65
Pubmed,19717,88648,GraphSAGE,3,32,0.01,0.2,1.0,0.748,65
Pubmed,19717,88648,GAT,3,32,0.01,0.2,1.0,0.745,65
Pubmed,19717,88648,GCN,3,32,0.01,0.1,1.0,0.756,66
Pubmed,19717,88648,GraphSAGE,3,32,0.01,0.1,1.0,0.757,66
Pubmed,19717,88648,GAT,3,32,0.01,0.1,1.0,0.741,66
Pubmed,19717,88648,GCN,3,32,0.001,0.5,1.0,0.767,67
Pubmed,19717,88648,GraphSAGE,3,32,0.001,0.5,1.0,0.751,67
Pubmed,19717,88648,GAT,3,32,0.001,0.5,1.0,0.734,67
Pubmed,19717,88648,GCN,3,32,0.001,0.2,1.0,0.764,68
Pubmed,19717,88648,GraphSAGE,3,32,0.001,0.2,1.0,0.768,68
Pubmed,19717,88648,GAT,3,32,0.001,0.2,1.0,0.77,68
Pubmed,19717,88648,GCN,3,32,0.001,0.1,1.0,0.767,69
Pubmed,19717,88648,GraphSAGE,3,32,0.001,0.1,1.0,0.757,69
Pubmed,19717,88648,GAT,3,32,0.001,0.1,1.0,0.761,69
Pubmed,19717,88648,GCN,3,32,0.0001,0.5,0.8833333333333333,0.728,70
Pubmed,19717,88648,GraphSAGE,3,32,0.0001,0.5,0.6166666666666667,0.51,70
Pubmed,19717,88648,GAT,3,32,0.0001,0.5,0.8333333333333334,0.697,70
Pubmed,19717,88648,GCN,3,32,0.0001,0.2,0.75,0.582,71
Pubmed,19717,88648,GraphSAGE,3,32,0.0001,0.2,0.85,0.586,71
Pubmed,19717,88648,GAT,3,32,0.0001,0.2,0.8333333333333334,0.718,71
Pubmed,19717,88648,GCN,3,32,0.0001,0.1,0.8333333333333334,0.699,72
Pubmed,19717,88648,GraphSAGE,3,32,0.0001,0.1,0.4666666666666667,0.266,72
Pubmed,19717,88648,GAT,3,32,0.0001,0.1,0.8666666666666667,0.668,72
Pubmed,19717,88648,GCN,3,64,0.01,0.5,1.0,0.762,73
Pubmed,19717,88648,GraphSAGE,3,64,0.01,0.5,1.0,0.75,73
Pubmed,19717,88648,GAT,3,64,0.01,0.5,1.0,0.703,73
Pubmed,19717,88648,GCN,3,64,0.01,0.2,1.0,0.754,74
Pubmed,19717,88648,GraphSAGE,3,64,0.01,0.2,1.0,0.711,74
Pubmed,19717,88648,GAT,3,64,0.01,0.2,1.0,0.736,74
Pubmed,19717,88648,GCN,3,64,0.01,0.1,1.0,0.756,75
Pubmed,19717,88648,GraphSAGE,3,64,0.01,0.1,1.0,0.748,75
Pubmed,19717,88648,GAT,3,64,0.01,0.1,1.0,0.731,75
Pubmed,19717,88648,GCN,3,64,0.001,0.5,1.0,0.768,76
Pubmed,19717,88648,GraphSAGE,3,64,0.001,0.5,1.0,0.731,76
Pubmed,19717,88648,GAT,3,64,0.001,0.5,1.0,0.76,76
Pubmed,19717,88648,GCN,3,64,0.001,0.2,1.0,0.762,77
Pubmed,19717,88648,GraphSAGE,3,64,0.001,0.2,1.0,0.755,77
Pubmed,19717,88648,GAT,3,64,0.001,0.2,1.0,0.749,77
Pubmed,19717,88648,GCN,3,64,0.001,0.1,1.0,0.766,78
Pubmed,19717,88648,GraphSAGE,3,64,0.001,0.1,1.0,0.752,78
Pubmed,19717,88648,GAT,3,64,0.001,0.1,1.0,0.76,78
Pubmed,19717,88648,GCN,3,64,0.0001,0.5,0.7833333333333333,0.669,79
Pubmed,19717,88648,GraphSAGE,3,64,0.0001,0.5,0.9833333333333333,0.663,79
Pubmed,19717,88648,GAT,3,64,0.0001,0.5,0.8166666666666667,0.689,79
Pubmed,19717,88648,GCN,3,64,0.0001,0.2,0.8666666666666667,0.681,80
Pubmed,19717,88648,GraphSAGE,3,64,0.0001,0.2,0.9,0.688,80
Pubmed,19717,88648,GAT,3,64,0.0001,0.2,0.8833333333333333,0.731,80
Pubmed,19717,88648,GCN,3,64,0.0001,0.1,0.8166666666666667,0.611,81
Pubmed,19717,88648,GraphSAGE,3,64,0.0001,0.1,0.9,0.715,81
Pubmed,19717,88648,GAT,3,64,0.0001,0.1,0.9,0.703,81